{"self_nonself": {"acc": {"proposed-nonself": [1.0, 0.9867705242334323, 0.9521513353115727, 0.9119683481701286, 0.8591740850642928, 0.8078635014836796, 0.7559347181008902, 0.7080860534124629, 0.6638229475766568, 0.626730959446093, 0.588402571711177], "proposed-self": [1.0, 0.9340999010880316, 0.690158259149357, 0.5187932739861523, 0.4391691394658754, 0.40158259149357073, 0.3821711177052423, 0.36993076162215627, 0.3632542037586548, 0.35917408506429277, 0.35595944609297725], "proposed-total": [1.0, 0.9920870425321464, 0.970944609297725, 0.9460929772502473, 0.9068991097922848, 0.8579376854599406, 0.80811078140455, 0.765084075173096, 0.7197082096933729, 0.6821216617210683, 0.6476261127596439], "hawkes-self": [1.0, 0.8097181008902077, 0.39997527200791294, 0.2832591493570722, 0.222675568743818, 0.183728981206726, 0.15887734915924828, 0.1358803165182987, 0.12079624134520277, 0.11115232443125618, 0.09779920870425321], "hawkes-nonself": [1.0, 0.9913452027695351, 0.922106824925816, 0.8429772502472799, 0.7942631058358062, 0.7406033630069239, 0.6989366963402571, 0.6585064292779427, 0.6175816023738873, 0.5865479723046488, 0.5556379821958457], "hawkes-total": [1.0, 0.9988872403560831, 0.9758902077151336, 0.9298961424332344, 0.8704253214638972, 0.8205984174085065, 0.7737388724035609, 0.7287339268051434, 0.6883036597428289, 0.654055390702275, 0.6200544015825915]}, "hawkes-": 13, "proposed-": 15, "mape": {"proposed-nonself": [4.376631894492577e-07, 0.08626799410425073, 0.11583915794191599, 0.13821285422345408, 0.16095926491311557, 0.18303296725240784, 0.2045205887988687, 0.22448246662505028, 0.24411385340458763, 0.26143163674434045, 0.27913529570564366], "proposed-self": [0.0, 0.16703482937389652, 0.2542952717626063, 0.31026634469999176, 0.350565012692215, 0.3802441595989705, 0.4046592893273823, 0.4240558102882273, 0.4398112758416948, 0.45220472966479097, 0.46231890615844834], "proposed-total": [4.3650432942323145e-07, 0.07747105502886395, 0.10193989323929364, 0.12105557772158412, 0.1413797431498502, 0.16166201916707124, 0.18217231353391808, 0.20068766523242393, 0.21936334803911336, 0.23590825533771834, 0.2527112396870732], "hawkes-self": [0.0, 0.21706749789516958, 0.36849657581971523, 0.5046658484945092, 0.6318724245824838, 0.7561728545540033, 0.8789547610825256, 1.00424783787032, 1.1266373867351285, 1.247945691956608, 1.3707999074216664], "hawkes-nonself": [4.376631894492577e-07, 0.09727830390272461, 0.135671322181655, 0.16227016303865893, 0.18592352754386174, 0.20872424938046066, 0.23058426485632513, 0.25042492740233313, 0.26983236296304935, 0.28757210275170664, 0.30584024881962296], "hawkes-total": [4.3650432942323145e-07, 0.08036452221611899, 0.11141176052527407, 0.1343430257325247, 0.1555396038548295, 0.17628622515505918, 0.1964398418566491, 0.21466469794812912, 0.2320242326433671, 0.24804243562876752, 0.26437895729306554]}}, "self_nonself_fix_pred": {"acc": {"proposed-nonself": [0.9985, 0.9945, 0.9725, 0.949, 0.916, 0.896, 0.8715, 0.8545, 0.841, 0.838], "proposed-self": [0.9985, 0.9945, 0.9725, 0.949, 0.916, 0.8959, 0.8714, 0.8544, 0.8414, 0.8384], "proposed-total": [0.9875, 0.975, 0.963, 0.948, 0.9335, 0.9165, 0.8979, 0.8834, 0.8704, 0.8669], "hawkes-self": [0.9965, 0.991, 0.9575, 0.9145, 0.8604, 0.8164, 0.7749, 0.7489, 0.7264, 0.7149], "hawkes-nonself": [0.9965, 0.991, 0.9575, 0.9145, 0.8605, 0.8165, 0.775, 0.749, 0.7265, 0.715], "hawkes-total": [0.975, 0.961, 0.9525, 0.931, 0.91, 0.8804, 0.8469, 0.8194, 0.8019, 0.7919]}, "hawkes-": 14, "proposed-": 16, "mape": {"proposed-nonself": [0.0175, 0.0429, 0.0674, 0.0878, 0.1058, 0.1178, 0.1298, 0.1373, 0.1439, 0.1458], "proposed-self": [0.0175, 0.0429, 0.0674, 0.0878, 0.1059, 0.1179, 0.1298, 0.1373, 0.1438, 0.1457], "proposed-total": [0.0801, 0.0931, 0.1011, 0.1098, 0.12, 0.1273, 0.1368, 0.143, 0.1491, 0.1506], "hawkes-self": [0.021, 0.0515, 0.0864, 0.1178, 0.1432, 0.1642, 0.1822, 0.194, 0.2039, 0.2112], "hawkes-nonself": [0.021, 0.0515, 0.0864, 0.1178, 0.1432, 0.1642, 0.1822, 0.1939, 0.2039, 0.2112], "hawkes-total": [0.0993, 0.1057, 0.1088, 0.119, 0.1313, 0.1444, 0.1588, 0.1693, 0.1785, 0.1851]}}, "fix_predict_window": {"acc": {"proposed-1990-2000": [0.9755, 0.9595, 0.953, 0.929, 0.8914, 0.8514, 0.8149, 0.7804, 0.7619, 0.7424], "proposed-2000-2010": [0.992, 0.975, 0.9675, 0.9605, 0.957, 0.957, 0.957, 0.9565, 0.9565, 0.956], "xiao-2000-2010": [1.0, 0.997, 0.9898, 0.9836, 0.9708, 0.9562, 0.9194, 0.8622, 0.81, 0.7684], "xiao-1995-2005": [0.9988, 0.9936, 0.9816, 0.9604, 0.9256, 0.8784, 0.8314, 0.7786, 0.7246, 0.6776], "proposed-1995-2005": [0.986, 0.972, 0.961, 0.9495, 0.942, 0.9265, 0.913, 0.9015, 0.8954, 0.8944], "xiao-1990-2000": [0.994, 0.9678, 0.9288, 0.8456, 0.7716, 0.7092, 0.6516, 0.593, 0.5528, 0.5168]}, "mape": {"proposed-1990-2000": [0.0982, 0.1027, 0.1088, 0.1241, 0.1405, 0.1574, 0.1745, 0.1871, 0.1972, 0.206], "proposed-2000-2010": [0.0679, 0.0881, 0.0972, 0.1027, 0.105, 0.1054, 0.1058, 0.1064, 0.1065, 0.1067], "xiao-2000-2010": [0.02459818560802113, 0.045841054249066544, 0.0652029298789349, 0.08333137154748596, 0.1005889955792683, 0.11714692961236915, 0.1331558780402316, 0.14867950928432438, 0.16378724803509107, 0.17852395319535905], "xiao-1995-2005": [0.04699068177760359, 0.06903448675677369, 0.09021720724192506, 0.1117533130481213, 0.13150796177011148, 0.14900013942885854, 0.16921778710913662, 0.19171471234440252, 0.21586110993304675, 0.24114965028677662], "proposed-1995-2005": [0.0776, 0.0916, 0.0977, 0.1044, 0.1115, 0.1191, 0.1257, 0.1312, 0.1335, 0.1339], "xiao-1990-2000": [0.0730739487259792, 0.10567113807679468, 0.13869650871128475, 0.16975472185008786, 0.2020030900721182, 0.23373628223215584, 0.26760271565815774, 0.3042164853050541, 0.34368680351154723, 0.385725513097397]}}, "contrast_single": {"15_mape": {"hawkes_decay": [0.05875323618238008, 0.08221419276583176, 0.10790455961946226, 0.13431559875913604, 0.16059833893142422, 0.18563379967945468, 0.2089575924591363, 0.23099948123640876, 0.25219079466157024, 0.2716049230947592], "proposed": [0.0, 0.048940900091413865, 0.06861252889739539, 0.0866543150043844, 0.1054201565721755, 0.12471114681552013, 0.14430631424720963, 0.16237667972066638, 0.17965428659942462, 0.19601117486283168, 0.21102123159021918]}, "20_acc": {"hawkes_decay": [0.9975272007912958, 0.9914688427299704, 0.9761374876360039, 0.9417655786350149, 0.89824431256182, 0.8464391691394659, 0.7997032640949555, 0.759272997032641, 0.7181008902077152, 0.6894164193867458], "proposed": [1.0, 0.9988872403560831, 0.9953016815034619, 0.9878832838773491, 0.9716864490603363, 0.9475766567754699, 0.9125865479723047, 0.8862512363996043, 0.852868447082097, 0.8259149357072205, 0.8021760633036598]}, "15_acc": {"hawkes_decay": [0.9972799208704253, 0.9892433234421365, 0.9611770524233432, 0.9093719090009891, 0.852868447082097, 0.7968595450049456, 0.7480217606330366, 0.6991839762611276, 0.6597428288822947, 0.6300692383778437], "proposed": [1.0, 0.998269040553907, 0.9924579624134521, 0.9809594460929772, 0.9590751730959446, 0.9264342235410484, 0.8850148367952523, 0.8431008902077152, 0.8079871414441148, 0.7690405539070228, 0.7363996043521266]}, "10_acc": {"hawkes_decay": [0.9966617210682492, 0.9855341246290801, 0.955242334322453, 0.9000989119683481, 0.8453264094955489, 0.7863501483679525, 0.7360286844708209, 0.691271018793274, 0.6528189910979229, 0.6216617210682492], "proposed": [1.0, 0.9920870425321464, 0.970944609297725, 0.9460929772502473, 0.9068991097922848, 0.8579376854599406, 0.80811078140455, 0.765084075173096, 0.7197082096933729, 0.6821216617210683, 0.6476261127596439]}, "10_mape": {"hawkes_decay": [0.0602358683496458, 0.08482411770342406, 0.11123836186171972, 0.13800485508714785, 0.16448297214983487, 0.18965441591913804, 0.2129834924514388, 0.2350470942099527, 0.256079112624136, 0.27537758179970945],