{"fix_train": {"acc": {"mhawkes-total": [1.0, 0.9978, 0.9698, 0.9085, 0.8422, 0.7852, 0.7353, 0.6892, 0.6592, 0.6302, 0.6007]}, "mape": {"mhawkes-total": [0.0, 0.07208390813428937, 0.11005655170099121, 0.13906121438372673, 0.16453300841601282, 0.18899241023091143, 0.21152674769879923, 0.23287968693971428, 0.2525045863665171, 0.2714018168212314, 0.28910826242402465]}}}