{"fix_train": {"acc": {"mhawkes-total": [1.0, 0.9998, 0.9972, 0.9913, 0.9851, 0.9794, 0.9706, 0.9599, 0.9444, 0.9181, 0.8796]}, "mape": {"mhawkes-total": [0.0, 0.06248525290504693, 0.09224518160657148, 0.11106451767607123, 0.1261327766501299, 0.1393833368829668, 0.1516313249308016, 0.16407061946600926, 0.1765632545150198, 0.18963137592044624, 0.20288624347943196]}}}